--
-- PostgreSQL database dump
--

-- Dumped from database version 14.4
-- Dumped by pg_dump version 14.4

SET statement_timeout = 0;
SET lock_timeout = 0;
SET idle_in_transaction_session_timeout = 0;
SET client_encoding = 'UTF8';
SET standard_conforming_strings = on;
SELECT pg_catalog.set_config('search_path', '', false);
SET check_function_bodies = false;
SET xmloption = content;
SET client_min_messages = warning;
SET row_security = off;

SET default_tablespace = '';

SET default_table_access_method = heap;

--
-- Name: cliente; Type: TABLE; Schema: public; Owner: postgres
--

CREATE TABLE public.cliente (
    cod_cliente integer NOT NULL,
    bairro character varying(50) NOT NULL,
    cep character varying(10) NOT NULL,
    cidade character varying(50) NOT NULL,
    cpf character varying(50) NOT NULL,
    email character varying(50) NOT NULL,
    estado character varying(25) NOT NULL,
    nome character varying(50) NOT NULL,
    pessoa integer,
    telefone character varying(15) NOT NULL
);


ALTER TABLE public.cliente OWNER TO postgres;

--
-- Name: cliente_cod_cliente_seq; Type: SEQUENCE; Schema: public; Owner: postgres
--

ALTER TABLE public.cliente ALTER COLUMN cod_cliente ADD GENERATED BY DEFAULT AS IDENTITY (
    SEQUENCE NAME public.cliente_cod_cliente_seq
    START WITH 1
    INCREMENT BY 1
    NO MINVALUE
    NO MAXVALUE
    CACHE 1
);


--
-- Name: comissao_venda; Type: TABLE; Schema: public; Owner: postgres
--

CREATE TABLE public.comissao_venda (
    cod_comissao_venda integer NOT NULL,
    data_fim timestamp without time zone NOT NULL,
    data_ini timestamp without time zone NOT NULL,
    pago boolean,
    valor_total double precision NOT NULL,
    cod_taxa_comissao integer NOT NULL,
    cod_venda integer
);


ALTER TABLE public.comissao_venda OWNER TO postgres;

--
-- Name: comissao_venda_cod_comissao_venda_seq; Type: SEQUENCE; Schema: public; Owner: postgres
--

ALTER TABLE public.comissao_venda ALTER COLUMN cod_comissao_venda ADD GENERATED BY DEFAULT AS IDENTITY (
    SEQUENCE NAME public.comissao_venda_cod_comissao_venda_seq
    START WITH 1
    INCREMENT BY 1
    NO MINVALUE
    NO MAXVALUE
    CACHE 1
);


--
-- Name: funcionario; Type: TABLE; Schema: public; Owner: postgres
--

CREATE TABLE public.funcionario (
    cod_funcionario integer NOT NULL,
    admin integer,
    bairro character varying(50) NOT NULL,
    cargo character varying(25) NOT NULL,
    cep character varying(10) NOT NULL,
    cidade character varying(50) NOT NULL,
    cpf character varying(50) NOT NULL,
    data_admissao timestamp without time zone NOT NULL,
    data_nascimento timestamp without time zone NOT NULL,
    estado character varying(25) NOT NULL,
    login character varying(50) NOT NULL,
    nome character varying(50) NOT NULL,
    salario double precision NOT NULL,
    senha character varying(10) NOT NULL,
    telefone character varying(25) NOT NULL,
    CONSTRAINT funcionario_salario_check CHECK ((salario >= (1)::double precision))
);


ALTER TABLE public.funcionario OWNER TO postgres;

--
-- Name: funcionario_cod_funcionario_seq; Type: SEQUENCE; Schema: public; Owner: postgres
--

ALTER TABLE public.funcionario ALTER COLUMN cod_funcionario ADD GENERATED BY DEFAULT AS IDENTITY (
    SEQUENCE NAME public.funcionario_cod_funcionario_seq
    START WITH 1
    INCREMENT BY 1
    NO MINVALUE
    NO MAXVALUE
    CACHE 1
);


--
-- Name: item_revisao; Type: TABLE; Schema: public; Owner: postgres
--

CREATE TABLE public.item_revisao (
    qtd integer,
    valor_unitario double precision NOT NULL,
    revisao_id integer NOT NULL,
    produto_id integer NOT NULL,
    CONSTRAINT item_revisao_valor_unitario_check CHECK ((valor_unitario >= (1)::double precision))
);


ALTER TABLE public.item_revisao OWNER TO postgres;

--
-- Name: moto; Type: TABLE; Schema: public; Owner: postgres
--

CREATE TABLE public.moto (
    cod_moto integer NOT NULL,
    ano_fabricacao integer,
    ano_modelo integer,
    cc double precision NOT NULL,
    chassi character varying(50) NOT NULL,
    combustivel character varying(50) NOT NULL,
    cor character varying(50) NOT NULL,
    marca character varying(50) NOT NULL,
    modelo character varying(50) NOT NULL,
    placa character varying(8) NOT NULL,
    valor double precision NOT NULL,
    cod_cliente integer,
    cod_tipo integer NOT NULL,
    CONSTRAINT moto_cc_check CHECK ((cc >= (1)::double precision)),
    CONSTRAINT moto_valor_check CHECK ((valor >= (1)::double precision))
);


ALTER TABLE public.moto OWNER TO postgres;

--
-- Name: moto_cod_moto_seq; Type: SEQUENCE; Schema: public; Owner: postgres
--

ALTER TABLE public.moto ALTER COLUMN cod_moto ADD GENERATED BY DEFAULT AS IDENTITY (
    SEQUENCE NAME public.moto_cod_moto_seq
    START WITH 1
    INCREMENT BY 1
    NO MINVALUE
    NO MAXVALUE
    CACHE 1
);


--
-- Name: produto; Type: TABLE; Schema: public; Owner: postgres
--

CREATE TABLE public.produto (
    id integer NOT NULL,
    marca character varying(50) NOT NULL,
    nome character varying(50) NOT NULL,
    qtd integer,
    valor double precision NOT NULL,
    CONSTRAINT produto_qtd_check CHECK ((qtd >= 0))
);


ALTER TABLE public.produto OWNER TO postgres;

--
-- Name: produto_id_seq; Type: SEQUENCE; Schema: public; Owner: postgres
--

ALTER TABLE public.produto ALTER COLUMN id ADD GENERATED BY DEFAULT AS IDENTITY (
    SEQUENCE NAME public.produto_id_seq
    START WITH 1
    INCREMENT BY 1
    NO MINVALUE
    NO MAXVALUE
    CACHE 1
);


--
-- Name: realiza_recall; Type: TABLE; Schema: public; Owner: postgres
--

CREATE TABLE public.realiza_recall (
    cod_realizar_recall integer NOT NULL,
    data character varying(255) NOT NULL,
    status integer,
    cod_moto integer,
    cod_recall integer
);


ALTER TABLE public.realiza_recall OWNER TO postgres;

--
-- Name: realiza_recall_cod_realizar_recall_seq; Type: SEQUENCE; Schema: public; Owner: postgres
--

ALTER TABLE public.realiza_recall ALTER COLUMN cod_realizar_recall ADD GENERATED BY DEFAULT AS IDENTITY (
    SEQUENCE NAME public.realiza_recall_cod_realizar_recall_seq
    START WITH 1
    INCREMENT BY 1
    NO MINVALUE
    NO MAXVALUE
    CACHE 1
);


--
-- Name: recall; Type: TABLE; Schema: public; Owner: postgres
--

CREATE TABLE public.recall (
    cod_recall integer NOT NULL,
    ano_modelo integer,
    chassi_fim character varying(50) NOT NULL,
    chassi_ini character varying(50) NOT NULL,
    data_cadastro timestamp without time zone NOT NULL,
    data_fim timestamp without time zone NOT NULL,
    data_ini timestamp without time zone NOT NULL,
    nome character varying(50) NOT NULL,
    cod_funcionario integer
);


ALTER TABLE public.recall OWNER TO postgres;

--
-- Name: recall_cod_recall_seq; Type: SEQUENCE; Schema: public; Owner: postgres
--

ALTER TABLE public.recall ALTER COLUMN cod_recall ADD GENERATED BY DEFAULT AS IDENTITY (
    SEQUENCE NAME public.recall_cod_recall_seq
    START WITH 1
    INCREMENT BY 1
    NO MINVALUE
    NO MAXVALUE
    CACHE 1
);


--
-- Name: revisao; Type: TABLE; Schema: public; Owner: postgres
--

CREATE TABLE public.revisao (
    cod_revisao integer NOT NULL,
    data timestamp without time zone NOT NULL,
    valor double precision NOT NULL,
    cod_funcionario integer NOT NULL,
    cod_moto integer NOT NULL,
    CONSTRAINT revisao_valor_check CHECK ((valor >= (0)::double precision))
);


ALTER TABLE public.revisao OWNER TO postgres;

--
-- Name: revisao_cod_revisao_seq; Type: SEQUENCE; Schema: public; Owner: postgres
--

ALTER TABLE public.revisao ALTER COLUMN cod_revisao ADD GENERATED BY DEFAULT AS IDENTITY (
    SEQUENCE NAME public.revisao_cod_revisao_seq
    START WITH 1
    INCREMENT BY 1
    NO MINVALUE
    NO MAXVALUE
    CACHE 1
);


--
-- Name: taxa_comissao; Type: TABLE; Schema: public; Owner: postgres
--

CREATE TABLE public.taxa_comissao (
    cod_taxa_comissao integer NOT NULL,
    ano_casa integer,
    cargo character varying(25) NOT NULL,
    taxa double precision NOT NULL,
    valor_limite double precision NOT NULL
);


ALTER TABLE public.taxa_comissao OWNER TO postgres;

--
-- Name: taxa_comissao_cod_taxa_comissao_seq; Type: SEQUENCE; Schema: public; Owner: postgres
--

ALTER TABLE public.taxa_comissao ALTER COLUMN cod_taxa_comissao ADD GENERATED BY DEFAULT AS IDENTITY (
    SEQUENCE NAME public.taxa_comissao_cod_taxa_comissao_seq
    START WITH 1
    INCREMENT BY 1
    NO MINVALUE
    NO MAXVALUE
    CACHE 1
);


--
-- Name: tipo_moto; Type: TABLE; Schema: public; Owner: postgres
--

CREATE TABLE public.tipo_moto (
    cod_tipo integer NOT NULL,
    nome character varying(50) NOT NULL
);


ALTER TABLE public.tipo_moto OWNER TO postgres;

--
-- Name: tipo_moto_cod_tipo_seq; Type: SEQUENCE; Schema: public; Owner: postgres
--

ALTER TABLE public.tipo_moto ALTER COLUMN cod_tipo ADD GENERATED BY DEFAULT AS IDENTITY (
    SEQUENCE NAME public.tipo_moto_cod_tipo_seq
    START WITH 1
    INCREMENT BY 1
    NO MINVALUE
    NO MAXVALUE
    CACHE 1
);


--
-- Name: venda; Type: TABLE; Schema: public; Owner: postgres
--

CREATE TABLE public.venda (
    cod_venda integer NOT NULL,
    data timestamp without time zone NOT NULL,
    desconto double precision NOT NULL,
    pago boolean,
    valor double precision NOT NULL,
    cod_cliente integer NOT NULL,
    cod_funcionario integer NOT NULL,
    cod_moto integer
);


ALTER TABLE public.venda OWNER TO postgres;

--
-- Name: venda_cod_venda_seq; Type: SEQUENCE; Schema: public; Owner: postgres
--

ALTER TABLE public.venda ALTER COLUMN cod_venda ADD GENERATED BY DEFAULT AS IDENTITY (
    SEQUENCE NAME public.venda_cod_venda_seq
    START WITH 1
    INCREMENT BY 1
    NO MINVALUE
    NO MAXVALUE
    CACHE 1
);


--
-- Data for Name: cliente; Type: TABLE DATA; Schema: public; Owner: postgres
--

COPY public.cliente (cod_cliente, bairro, cep, cidade, cpf, email, estado, nome, pessoa, telefone) FROM stdin;
1	Pombal de Cima	29295-000	Vargem alta	111.111.111-11	Ruanminiguite@gmail.com	Espirito Santo	Ruan Miniguite	0	(28)99918-3529
2	São josé de fruteiras	29295-000	Vargem alta	222.222.222-22	Pedrominiguite@gmail.com	Espirito Santo	Pedro Miniguite	1	(28)99912-1292
3	Águas Vermelhas	95689-000	Pedra Azul	017.268.037-98	AlbertoRicado@gmail.com	Espirito Santo	Alberto Ricado	0	(27)99865-9856
\.


--
-- Data for Name: comissao_venda; Type: TABLE DATA; Schema: public; Owner: postgres
--

COPY public.comissao_venda (cod_comissao_venda, data_fim, data_ini, pago, valor_total, cod_taxa_comissao, cod_venda) FROM stdin;
1	0035-09-12 00:00:00	0006-09-12 00:00:00	t	16000	1	1
2	0035-09-12 00:00:00	0006-09-12 00:00:00	f	22000	1	2
3	0035-09-12 00:00:00	0006-09-12 00:00:00	t	22000	1	3
\.


--
-- Data for Name: funcionario; Type: TABLE DATA; Schema: public; Owner: postgres
--

COPY public.funcionario (cod_funcionario, admin, bairro, cargo, cep, cidade, cpf, data_admissao, data_nascimento, estado, login, nome, salario, senha, telefone) FROM stdin;
1	1	Águas Vermelhas	Vendedor	95689-000	Pedra Azul	017.268.037-98	2015-01-01 00:00:00	2000-04-01 00:00:00	Espirito Santo	AlbertoR	Alberto Ricado	2500.66	123456	(27)99865-9856
2	0	Agostinho Simonato	Vendedor	29500-000	Cachoeiro de Itapemirim	968.569.787-45	2018-01-01 00:00:00	1998-10-12 00:00:00	Espirito Santo	MarcosB	Marcos Bravim	1856.44	789123	(27)99999-9786
3	0	Santo Antonio	Gerente	29300-000	 Cachoeiro de Itapemirim	896.146.195-78	2020-01-01 00:00:00	1989-07-07 00:00:00	Espirito Santo	MarianaR	Mariana Ribeiro	4500.5	456321	(28)97896-9789
\.


--
-- Data for Name: item_revisao; Type: TABLE DATA; Schema: public; Owner: postgres
--

COPY public.item_revisao (qtd, valor_unitario, revisao_id, produto_id) FROM stdin;
1	307.02	1	1
1	30	2	3
1	149	3	2
1	149	4	2
1	150.3	5	4
1	150.3	6	4
\.


--
-- Data for Name: moto; Type: TABLE DATA; Schema: public; Owner: postgres
--

COPY public.moto (cod_moto, ano_fabricacao, ano_modelo, cc, chassi, combustivel, cor, marca, modelo, placa, valor, cod_cliente, cod_tipo) FROM stdin;
1	2011	2011	109.01	TL0001	Gasolina	Vermelha	Honda	Biz 110i	ABC1B34	16000	1	1
2	2021	2021	291.6	TL0035	Gasolina	Preta	Honda	XRE 300	DGT1B34	22000	2	2
3	2020	2021	159.01	TL0007	Gasolina	Branca	Honda	Bross 160	ABD1B33	20000	\N	1
4	2014	2014	109.01	TL0002	Gasolina	Vermelha	Honda	Biz 110i	ABC1B34	16000	1	1
5	2015	2015	291.6	TL0004	Gasolina	Preta	Honda	XRE 300	DGT1B34	22000	3	2
6	2010	2010	159.01	TL0005	Gasolina	Branca	Honda	Bross 160	ABD1B33	20000	3	1
\.


--
-- Data for Name: produto; Type: TABLE DATA; Schema: public; Owner: postgres
--

COPY public.produto (id, marca, nome, qtd, valor) FROM stdin;
1	Moura	Bateria	1	307.02
2	Bosch	Bateria	5	149
3	Yamalube	Óleo Lubrificante	10	30
4	Moroe	Amortecedor	1	150.3
5	Cofap	Amortecedor	3	185
6	Cobreq	Pastilha de Freio	7	50
\.


--
-- Data for Name: realiza_recall; Type: TABLE DATA; Schema: public; Owner: postgres
--

COPY public.realiza_recall (cod_realizar_recall, data, status, cod_moto, cod_recall) FROM stdin;
1	2022-05-21	0	1	1
2	2022-05-21	0	2	1
3	2022-05-21	0	3	1
4	2022-05-21	0	4	1
5	2022-05-20	0	5	1
\.


--
-- Data for Name: recall; Type: TABLE DATA; Schema: public; Owner: postgres
--

COPY public.recall (cod_recall, ano_modelo, chassi_fim, chassi_ini, data_cadastro, data_fim, data_ini, nome, cod_funcionario) FROM stdin;
1	2016	TL0100	TL0001	2022-05-05 00:00:00	2022-06-20 00:00:00	2022-05-20 00:00:00	Recall Corrente de Comando	1
2	2019	HR0100	HR0001	2022-05-15 00:00:00	2022-04-01 00:00:00	2022-03-01 00:00:00	Recall Velas	2
\.


--
-- Data for Name: revisao; Type: TABLE DATA; Schema: public; Owner: postgres
--

COPY public.revisao (cod_revisao, data, valor, cod_funcionario, cod_moto) FROM stdin;
1	2022-05-01 00:00:00	795.25	1	1
2	2022-05-03 00:00:00	356	1	2
3	2022-05-01 00:00:00	659.25	1	1
4	2022-05-06 00:00:00	789	1	2
5	2022-05-07 00:00:00	123.25	1	1
6	2022-05-09 00:00:00	759	1	2
\.


--
-- Data for Name: taxa_comissao; Type: TABLE DATA; Schema: public; Owner: postgres
--

COPY public.taxa_comissao (cod_taxa_comissao, ano_casa, cargo, taxa, valor_limite) FROM stdin;
1	1	Vendedor	5	40000
2	3	Vendedor	7	50000
\.


--
-- Data for Name: tipo_moto; Type: TABLE DATA; Schema: public; Owner: postgres
--

COPY public.tipo_moto (cod_tipo, nome) FROM stdin;
1	Street
2	Adventure
3	Off road
4	Sport
5	Touring
\.


--
-- Data for Name: venda; Type: TABLE DATA; Schema: public; Owner: postgres
--

COPY public.venda (cod_venda, data, desconto, pago, valor, cod_cliente, cod_funcionario, cod_moto) FROM stdin;
1	2022-03-07 00:00:00	150	t	16000	1	2	1
2	2022-03-13 00:00:00	100	f	22000	2	3	2
3	2022-03-14 00:00:00	100	t	22000	1	2	4
4	2022-03-15 00:00:00	100	f	22000	3	3	5
\.


--
-- Name: cliente_cod_cliente_seq; Type: SEQUENCE SET; Schema: public; Owner: postgres
--

SELECT pg_catalog.setval('public.cliente_cod_cliente_seq', 3, true);


--
-- Name: comissao_venda_cod_comissao_venda_seq; Type: SEQUENCE SET; Schema: public; Owner: postgres
--

SELECT pg_catalog.setval('public.comissao_venda_cod_comissao_venda_seq', 3, true);


--
-- Name: funcionario_cod_funcionario_seq; Type: SEQUENCE SET; Schema: public; Owner: postgres
--

SELECT pg_catalog.setval('public.funcionario_cod_funcionario_seq', 3, true);


--
-- Name: moto_cod_moto_seq; Type: SEQUENCE SET; Schema: public; Owner: postgres
--

SELECT pg_catalog.setval('public.moto_cod_moto_seq', 6, true);


--
-- Name: produto_id_seq; Type: SEQUENCE SET; Schema: public; Owner: postgres
--

SELECT pg_catalog.setval('public.produto_id_seq', 6, true);


--
-- Name: realiza_recall_cod_realizar_recall_seq; Type: SEQUENCE SET; Schema: public; Owner: postgres
--

SELECT pg_catalog.setval('public.realiza_recall_cod_realizar_recall_seq', 5, true);


--
-- Name: recall_cod_recall_seq; Type: SEQUENCE SET; Schema: public; Owner: postgres
--

SELECT pg_catalog.setval('public.recall_cod_recall_seq', 2, true);


--
-- Name: revisao_cod_revisao_seq; Type: SEQUENCE SET; Schema: public; Owner: postgres
--

SELECT pg_catalog.setval('public.revisao_cod_revisao_seq', 6, true);


--
-- Name: taxa_comissao_cod_taxa_comissao_seq; Type: SEQUENCE SET; Schema: public; Owner: postgres
--

SELECT pg_catalog.setval('public.taxa_comissao_cod_taxa_comissao_seq', 2, true);


--
-- Name: tipo_moto_cod_tipo_seq; Type: SEQUENCE SET; Schema: public; Owner: postgres
--

SELECT pg_catalog.setval('public.tipo_moto_cod_tipo_seq', 5, true);


--
-- Name: venda_cod_venda_seq; Type: SEQUENCE SET; Schema: public; Owner: postgres
--

SELECT pg_catalog.setval('public.venda_cod_venda_seq', 4, true);


--
-- Name: cliente cliente_pkey; Type: CONSTRAINT; Schema: public; Owner: postgres
--

ALTER TABLE ONLY public.cliente
    ADD CONSTRAINT cliente_pkey PRIMARY KEY (cod_cliente);


--
-- Name: comissao_venda comissao_venda_pkey; Type: CONSTRAINT; Schema: public; Owner: postgres
--

ALTER TABLE ONLY public.comissao_venda
    ADD CONSTRAINT comissao_venda_pkey PRIMARY KEY (cod_comissao_venda);


--
-- Name: funcionario funcionario_pkey; Type: CONSTRAINT; Schema: public; Owner: postgres
--

ALTER TABLE ONLY public.funcionario
    ADD CONSTRAINT funcionario_pkey PRIMARY KEY (cod_funcionario);


--
-- Name: item_revisao item_revisao_pkey; Type: CONSTRAINT; Schema: public; Owner: postgres
--

ALTER TABLE ONLY public.item_revisao
    ADD CONSTRAINT item_revisao_pkey PRIMARY KEY (produto_id, revisao_id);


--
-- Name: moto moto_pkey; Type: CONSTRAINT; Schema: public; Owner: postgres
--

ALTER TABLE ONLY public.moto
    ADD CONSTRAINT moto_pkey PRIMARY KEY (cod_moto);


--
-- Name: produto produto_pkey; Type: CONSTRAINT; Schema: public; Owner: postgres
--

ALTER TABLE ONLY public.produto
    ADD CONSTRAINT produto_pkey PRIMARY KEY (id);


--
-- Name: realiza_recall realiza_recall_pkey; Type: CONSTRAINT; Schema: public; Owner: postgres
--

ALTER TABLE ONLY public.realiza_recall
    ADD CONSTRAINT realiza_recall_pkey PRIMARY KEY (cod_realizar_recall);


--
-- Name: recall recall_pkey; Type: CONSTRAINT; Schema: public; Owner: postgres
--

ALTER TABLE ONLY public.recall
    ADD CONSTRAINT recall_pkey PRIMARY KEY (cod_recall);


--
-- Name: revisao revisao_pkey; Type: CONSTRAINT; Schema: public; Owner: postgres
--

ALTER TABLE ONLY public.revisao
    ADD CONSTRAINT revisao_pkey PRIMARY KEY (cod_revisao);


--
-- Name: taxa_comissao taxa_comissao_pkey; Type: CONSTRAINT; Schema: public; Owner: postgres
--

ALTER TABLE ONLY public.taxa_comissao
    ADD CONSTRAINT taxa_comissao_pkey PRIMARY KEY (cod_taxa_comissao);


--
-- Name: tipo_moto tipo_moto_pkey; Type: CONSTRAINT; Schema: public; Owner: postgres
--

ALTER TABLE ONLY public.tipo_moto
    ADD CONSTRAINT tipo_moto_pkey PRIMARY KEY (cod_tipo);


--
-- Name: venda venda_pkey; Type: CONSTRAINT; Schema: public; Owner: postgres
--

ALTER TABLE ONLY public.venda
    ADD CONSTRAINT venda_pkey PRIMARY KEY (cod_venda);


--
-- Name: venda fk3qc6frb0xlufoharq13d2j3ou; Type: FK CONSTRAINT; Schema: public; Owner: postgres
--

ALTER TABLE ONLY public.venda
    ADD CONSTRAINT fk3qc6frb0xlufoharq13d2j3ou FOREIGN KEY (cod_moto) REFERENCES public.moto(cod_moto);


--
-- Name: item_revisao fk4qc0m4aiehf2hy7cxd2q3ffx3; Type: FK CONSTRAINT; Schema: public; Owner: postgres
--

ALTER TABLE ONLY public.item_revisao
    ADD CONSTRAINT fk4qc0m4aiehf2hy7cxd2q3ffx3 FOREIGN KEY (produto_id) REFERENCES public.produto(id);


--
-- Name: item_revisao fk6rvbg2i3c6rpp3wlt42mjyj13; Type: FK CONSTRAINT; Schema: public; Owner: postgres
--

ALTER TABLE ONLY public.item_revisao
    ADD CONSTRAINT fk6rvbg2i3c6rpp3wlt42mjyj13 FOREIGN KEY (revisao_id) REFERENCES public.revisao(cod_revisao);


--
-- Name: realiza_recall fk7pujy9anoksb5xsdad2wx7ghn; Type: FK CONSTRAINT; Schema: public; Owner: postgres
--

ALTER TABLE ONLY public.realiza_recall
    ADD CONSTRAINT fk7pujy9anoksb5xsdad2wx7ghn FOREIGN KEY (cod_recall) REFERENCES public.recall(cod_recall);


--
-- Name: moto fk8tvmgfhn2gjdnlqrdknr8582a; Type: FK CONSTRAINT; Schema: public; Owner: postgres
--

ALTER TABLE ONLY public.moto
    ADD CONSTRAINT fk8tvmgfhn2gjdnlqrdknr8582a FOREIGN KEY (cod_cliente) REFERENCES public.cliente(cod_cliente);


--
-- Name: venda fkb1he7xvin6ib8i45p6ij55fa6; Type: FK CONSTRAINT; Schema: public; Owner: postgres
--

ALTER TABLE ONLY public.venda
    ADD CONSTRAINT fkb1he7xvin6ib8i45p6ij55fa6 FOREIGN KEY (cod_cliente) REFERENCES public.cliente(cod_cliente);


--
-- Name: recall fkbdjcfg80muco38yvb6qr3u8fp; Type: FK CONSTRAINT; Schema: public; Owner: postgres
--

ALTER TABLE ONLY public.recall
    ADD CONSTRAINT fkbdjcfg80muco38yvb6qr3u8fp FOREIGN KEY (cod_funcionario) REFERENCES public.funcionario(cod_funcionario);


--
-- Name: revisao fkgmn2ho3sbc1rldcdlp371mhon; Type: FK CONSTRAINT; Schema: public; Owner: postgres
--

ALTER TABLE ONLY public.revisao
    ADD CONSTRAINT fkgmn2ho3sbc1rldcdlp371mhon FOREIGN KEY (cod_funcionario) REFERENCES public.funcionario(cod_funcionario);


--
-- Name: revisao fkh0rpr7ju1j3rv9xvacxug5lcl; Type: FK CONSTRAINT; Schema: public; Owner: postgres
--

ALTER TABLE ONLY public.revisao
    ADD CONSTRAINT fkh0rpr7ju1j3rv9xvacxug5lcl FOREIGN KEY (cod_moto) REFERENCES public.moto(cod_moto);


--
-- Name: moto fkivf06y1ps4vv6t5dv1ctwwg1n; Type: FK CONSTRAINT; Schema: public; Owner: postgres
--

ALTER TABLE ONLY public.moto
    ADD CONSTRAINT fkivf06y1ps4vv6t5dv1ctwwg1n FOREIGN KEY (cod_tipo) REFERENCES public.tipo_moto(cod_tipo);


--
-- Name: venda fkiw6hji89tvp5rff878f3qvqjy; Type: FK CONSTRAINT; Schema: public; Owner: postgres
--

ALTER TABLE ONLY public.venda
    ADD CONSTRAINT fkiw6hji89tvp5rff878f3qvqjy FOREIGN KEY (cod_funcionario) REFERENCES public.funcionario(cod_funcionario);


--
-- Name: realiza_recall fkkd7hv20twha3jk1h478b02qsa; Type: FK CONSTRAINT; Schema: public; Owner: postgres
--

ALTER TABLE ONLY public.realiza_recall
    ADD CONSTRAINT fkkd7hv20twha3jk1h478b02qsa FOREIGN KEY (cod_moto) REFERENCES public.moto(cod_moto);


--
-- Name: comissao_venda fkpe4ryg5uyy0qfjnetcluv19qk; Type: FK CONSTRAINT; Schema: public; Owner: postgres
--

ALTER TABLE ONLY public.comissao_venda
    ADD CONSTRAINT fkpe4ryg5uyy0qfjnetcluv19qk FOREIGN KEY (cod_taxa_comissao) REFERENCES public.taxa_comissao(cod_taxa_comissao);


--
-- Name: comissao_venda fkr9vi6a8lmhnt0qqcax6ud5mj3; Type: FK CONSTRAINT; Schema: public; Owner: postgres
--

ALTER TABLE ONLY public.comissao_venda
    ADD CONSTRAINT fkr9vi6a8lmhnt0qqcax6ud5mj3 FOREIGN KEY (cod_venda) REFERENCES public.venda(cod_venda);


--
-- PostgreSQL database dump complete
--

